{
  "version": 1,
  "textureSize": [
    512,
    256
  ],
  "grid": {
    "R": [
      0,
      2,
      4,
      6,
      8,
      10,
      12,
      14
    ],
    "z": [
      -3,
      -1,
      0,
      1,
      3
    ],
    "theta": [
      0,
      1.0471975511965976,
      2.0943951023931953,
      3.141592653589793,
      4.1887902047863905,
      5.235987755982989
    ]
  },
  "files": {}
}